ClienteId,Nome,Rg,Cpf,Endereco,Numero,Bairro,Cidade,Estado,Celular
1,"Maria da Silva",25874563,75395185285,"Rua das Moradas",181,"Jardim das Colinas","São Paulo",SP,11986359874
2,"João Santos",58698521,74114785241,"Rua Tibaú",635,"Jardim Elisa","São Paulo",SP,11986359874
3,"Caroline Gregório",63582214,58745693214,"Rua da Montanha",27,"Jardim Macuco","São Paulo",SP,11976856321
4,"Roseli Matos",32569856,15986325741,"Rua Capitão Chaves",1369,"Vila Prudente","São Paulo",SP,11963587545
5,"Daniel Joly",96574569,41587593658,"Rua Nômade",36,"Vila dos Sabás","São Paulo",SP,11936871968
