DestinoId,Local,Descricao,Hotel,Preco
1,"Porto de Galinhas","Localizada em Ipojuca, no estado de Pernambuco, Porto de Galinhas é famosa por suas belas praias e piscinas naturais de águas cristalinas","Porto Palace",3500.00
2,Fortaleza,"Com o poder de agradar pessoas de todas as idades, a capital cearense mistura muitas coisas de que o brasileiro gosta: belezas naturais, cultura, música, diversão e uma culinária de tirar o chapéu",Mareiro,3900.00
3,Salvador,"Descubra a rica cultura de Salvador, desfrutando de 7 dias de estadia. Conheça praias como a Praia do Farol da Barra e a Praia do Flamengo","Salva Luz",3800.00
4,Amazonas,"O verde da Amazônia, o escuro Rio Negro, o barrento Rio Solimões, a culinária exótica, a arquitetura diversificada e um povo muito acolhedor. Em uma só visita você irá se apaixonar pela capital do Amazonas","Rio Amazonas",3600.00
5,Manaus,"Conhecida como a Paris dos Trópicos, devido à sua intensa modernização durante o Ciclo da Borracha, período de grande crescimento econômico e social no Brasil, Manaus fica bem no meio da Floresta Amazônica","Mana Mana",3100.00
6,"Alter do Céu","Alter do Chão é a principal base para os turistas que pretendem conhecer as belezas do Rio Tapajós e Rio Arapiuns. Isso porque os passeios de lancha e barco para as praias saem quase todos de lá","Alter do Céu",2300.00
7,Curitiba,"A cidade de Curitiba, capital do estado do Paraná, é conhecida pelo cuidado com o planejamento urbano, belas áreas verdes e um transporte público de qualidade","Ópera de Arame",2500.00
8,Gramado,"Gramado é a principal cidade da Serra Gaúcha e sem dúvidas é um dos melhores destinos turísticos do país. Romântica, charmosa, cheia de cultura, belas paisagens, atrações e ótima culinária","Hotel Gramado",2500.00
9,Florianópolis,"Florianópolis, também conhecida como Ilha da Magia, é um destino vibrante e repleto de oportunidades para negócios e lazer no sul do Brasil","Hotel da Magia",2600.00
